{
  "frames": {
    "building1": {
      "frame": {
        "x": 16,
        "y": 16,
        "w": 144,
        "h": 144
      }
    },
    "building2": {
      "frame": {
        "x": 160,
        "y": 16,
        "w": 144,
        "h": 144
      }
    },
    "building3": {
      "frame": {
        "x": 16,
        "y": 160,
        "w": 144,
        "h": 144
      }
    },
    "building4": {
      "frame": {
        "x": 160,
        "y": 160,
        "w": 144,
        "h": 144
      }
    },
    "forest1": {
      "frame": {
        "x": 16,
        "y": 304,
        "w": 144,
        "h": 144
      }
    },
    "forest2": {
      "frame": {
        "x": 160,
        "y": 304,
        "w": 144,
        "h": 144
      }
    },
    "crossroad": {
      "frame": {
        "x": 304,
        "y": 16,
        "w": 80,
        "h": 80
      }
    }
  },
  "meta": {
    "image": "dark-spritesheet.png",
    "size": {
      "w": 400,
      "h": 448
    },
    "scale": "1"
  }
}